Suite/Test/Step Name,Browser,Description,Tag,Start time,End time,Duration,Status
SampleSuite,Chrome 80.0.3987.149,,,2020-03-20 17:16:47,2020-03-20 17:17:07,19.993s,INCOMPLETE
,,,,,,,
Test Cases/TC_0001,Chrome 80.0.3987.149,This is the first testcase,qa_tag,2020-03-20 17:16:48,2020-03-20 17:17:06,18.727s,PASSED
deleteAllCookies(),Chrome 80.0.3987.149,,,2020-03-20 17:16:48,2020-03-20 17:16:49,0.671s,PASSED
"openBrowser(""https://www.amazon.in"")",Chrome 80.0.3987.149,Opens Amazon,,2020-03-20 17:16:49,2020-03-20 17:17:01,12.087s,PASSED
maximizeWindow(),Chrome 80.0.3987.149,,,2020-03-20 17:17:01,2020-03-20 17:17:03,1.883s,PASSED
"click(findTestObject(""null""), OPTIONAL)",Chrome 80.0.3987.149,,,2020-03-20 17:17:03,2020-03-20 17:17:05,1.600s,PASSED
"sendKeys(findTestObject(""null""), ""abc"", OPTIONAL)",Chrome 80.0.3987.149,,,2020-03-20 17:17:05,2020-03-20 17:17:05,0.337s,PASSED
closeBrowser(),Chrome 80.0.3987.149,,,2020-03-20 17:17:05,2020-03-20 17:17:06,1.599s,PASSED
,,,,,,,
Test Cases/TC_0002,Chrome 80.0.3987.149,,qa_tag,2020-03-20 17:17:06,2020-03-20 17:17:07,0.636s,PASSED
"data = findTestData(""Data Files/TestData"")",Chrome 80.0.3987.149,,,2020-03-20 17:17:07,2020-03-20 17:17:07,0.011s,PASSED
Rows = data.getRowNumbers(),Chrome 80.0.3987.149,,,2020-03-20 17:17:07,2020-03-20 17:17:07,0.011s,PASSED
"println(""Row count is: "" + Rows)",Chrome 80.0.3987.149,,,2020-03-20 17:17:07,2020-03-20 17:17:07,0.005s,PASSED
"for ([i = 0, i < Rows, (i++)])",Chrome 80.0.3987.149,,,2020-03-20 17:17:07,2020-03-20 17:17:07,0.039s,PASSED
